<?xml version="1.0" encoding="UTF-8"?>
<configuration>

  <appender name="STDOUT" class="ch.qos.logback.core.ConsoleAppender">
    <encoder>
      <pattern>%-4relative [%thread] %-5level %logger{35} - %msg %n</pattern>
    </encoder>
  </appender>

<appender name="FILE" class="ch.qos.logback.core.rolling.RollingFileAppender">
    <append>true</append>
    <File>logs/precot.log</File>
    <encoder>
      <pattern>%d{yyyy-MM-dd HH:mm:ss} %-5level [%thread] \(%class{25}:%line\) - %msg%n</pattern>
    </encoder>    
	<rollingPolicy class="ch.qos.logback.core.rolling.SizeAndTimeBasedRollingPolicy">          
            <fileNamePattern>logs/precot.%d{yyyy-MM-dd}.%i.log.gz</fileNamePattern>
            <!-- each archived file, size max 10MB -->
            <maxFileSize>2MB</maxFileSize>
            <!-- total size of all archive files, if total size > 20GB, it will delete old archived file -->
            <totalSizeCap>1GB</totalSizeCap>
            <!-- 15 days to keep -->
            <maxHistory>15</maxHistory>
        </rollingPolicy>
  </appender>

  <root level="DEBUG">
    <appender-ref ref="STDOUT" />
    <appender-ref ref="FILE" />
  </root>
</configuration>